n_features,clamp_value,rel_prob_with_clamping,mmlu_with_clamping
500,0,0.81640625,0.7000000000000001
750,0,0.5830078125,0.6500000000000001
1000,0,0.578125,0.6300000000000001
1500,0,0.5498046875,0.5499999999999999
2000,0,0.64453125,0.58
4000,0,0.587890625,0.5199999999999999
6000,0,0.53125,0.5199999999999999
8000,0,0.513671875,0.48999999999999994
12000,0,0.513671875,0.48999999999999994
16000,0,0.513671875,0.48999999999999994
24000,0,0.513671875,0.48999999999999994
