n_features,clamp_value,rel_prob_with_clamping,mmlu_with_clamping
500,0,0.810546875,0.74
750,0,0.810546875,0.73
1000,0,0.81640625,0.72
1500,0,0.802734375,0.72
2000,0,0.798828125,0.7100000000000001
4000,0,0.7578125,0.64
6000,0,0.701171875,0.6100000000000001
8000,0,0.60546875,0.6000000000000001
12000,0,0.3720703125,0.26000000000000006
16000,0,0.322265625,0.30000000000000004
24000,0,0.3037109375,0.22999999999999998
